file_path,input_ids,attention_mask,labels
/home/ntlpt19/personal_projects/data/test_data/PI/Proforma_Invoice(2013_01_10_13_51_53_1233)_512_0_text.txt,"tensor([[  101,  1045, 22108,  5364, 16012, 16505,  2015,  3132,  2676,  1011,
          1019,  1013,  1015,  1010,  2259, 10877,  2311,  2259, 10877,  2346,
         16224,  1015,  1010,  1012,  1010,  8875,  6412,  1997,  5350,  1013,
          2578, 14108,  1024,  4654,  8197,  2854,  3058,  1024,  4895,  8663,
         23141,  6959,  3058, 10332,  2692,  9800, 27531, 23499,  2549,  1057,
         13910,  1024, 21849,  2497,  2595,  1032, 10047, 12274, 22779, 16305,
         16913,  5313,  2632,  1024,  1050, 14925,  2278,  2078,  1024,  4540,
          2683,  2683, 11268,  2953,  2863,  1999,  6767,  6610,  2344,  2053,
          1041,  4160,  2063,  1011,  3998, 16703, 26976, 22610,  2549,  8013,
          2053, 22649, 23499,  2581,  2575,  2581,  3058,  2382,  1012,  2340,
          1012,  2262, 11712,  1013,  3131,  3131,  3976,  1013, 13751,  2561,
          3976,  1013, 13751,  2753,  7473, 14989,  1012,  4002,  1020,  1010,
         15678,  1012,  4002, 14108,  1024,  4654,  8197,  2854,  3058,  1024,
          4895,  8663, 23141,  6959,  3058, 17267,  2692,  9800, 27531, 22394,
          2475,  1019,  7473,  2340,  1012,  4002,  1012,  4583,  1012,  4002,
          1057, 13910,  1024,  1048,  2243,  9737,  1032, 10047, 12274, 22779,
         15113,  9344,  2632,  1024,  1050, 14925,  2278,  2078,  1024,  4540,
          2683,  2683, 14108,  1024,  4654,  8197,  2854,  3058,  1024,  4895,
          8663, 23141,  6959,  3058, 21064,  2692,  9800, 27531, 23499,  2509,
          2531,  7473,  2184,  1012,  4002,  1015,  1010,  2199,  1012,  4002,
          1057, 13910,  1024,  6948,  9333,  2475,  1032,  3461, 15859,  2618,
         15113,  9378, 16913,  2226,  2632,  1024,  1050, 14925,  2278,  2078,
          1024,  4540,  2683,  2683, 14108,  1024,  4654,  8197,  2854,  3058,
          1024,  4895,  8663, 23141,  6959,  3058, 17295,  2692,  9800, 17914,
          2692, 24434,  1022,  7473,  2484,  1012,  2322, 19984,  1012,  3438,
          1057, 13910,  1024,  1048, 11020,  2361,  1032, 10047, 12274, 22779,
          7099, 10268,  1006,  2184,  2632,  1024,  1050, 14925,  2278,  2078,
          1024,  4540,  2683,  2683, 14108,  1024,  4654,  8197,  2854,  3058,
          1024,  4895,  8663, 23141,  6959,  3058, 22288,  2692,  9800, 27531,
         22022,  2575,  2324,  7473,  3438,  1012,  4002,  1015,  1010,  5511,
          2692,  1012,  4002,  1057, 13910,  1024,  9530,  2575,  1032,  9530,
          2575,  4800, 24879,  2491,  2632,  1024,  1050, 14925,  2278,  2078,
          1024,  4540,  2683,  2683, 14108,  1024,  4654,  8197,  2854,  3058,
          1024,  4895,  8663, 23141,  6959,  3058, 13509,  9800, 27531, 28154,
          2692,  1019,  7473,  6255,  1012,  4008,  4229,  2581,  1012,  2322,
          1057, 13910,  1024,  1056, 12458,  2080,  1032, 13656,  2491,  2275,
          1015,  1010,  1016,  1010,  1017,  2632,  1024,  1050, 14925,  2278,
          2078,  1024,  4540,  2683,  2683, 14108,  1024,  4654,  8197,  2854,
          3058,  1024,  4895,  8663, 23141,  6959,  3058, 23475,  2692,  9800,
         27531, 22022,  2629,  1016,  7473,  3943,  1012,  4002,  5764,  1012,
          4002, 22108,  3132,  5068,  2436,  1024,  7558,  1010,  6090, 24979,
          5654, 13007,  2232,  6673,  9388,  2290, 24185, 12190,  2072,  1010,
          8955,  1011,  4278,  5890,  2620,  1010,  2634,  3967,  4769,  1024,
          4372,  2912,  2100,  2415,  1010,  4833,  2723,  1010,  3158, 28418,
          3148, 23205,  4609,  3501,  1010, 20904,  7677,  2290,  6819,  8167,
          4403,  1058, 19739, 28921,  2239,  1011, 13092, 24096,  2575,  1010,
         23261,  1010,  2634,  3931,  1022,  1013,  3486,  1046,  1064,  1072,
           999,   102,     0,     0,     0,     0,     0,     0,     0,     0,
             0,     0,     0,     0,     0,     0,     0,     0,     0,     0,
             0,     0,     0,     0,     0,     0,     0,     0,     0,     0,
             0,     0,     0,     0,     0,     0,     0,     0,     0,     0,
             0,     0]])","tensor([[1, 1, 1, 1, 1, 1, 1, 1, 1, 1, 1, 1, 1, 1, 1, 1, 1, 1, 1, 1, 1, 1, 1, 1,
         1, 1, 1, 1, 1, 1, 1, 1, 1, 1, 1, 1, 1, 1, 1, 1, 1, 1, 1, 1, 1, 1, 1, 1,
         1, 1, 1, 1, 1, 1, 1, 1, 1, 1, 1, 1, 1, 1, 1, 1, 1, 1, 1, 1, 1, 1, 1, 1,
         1, 1, 1, 1, 1, 1, 1, 1, 1, 1, 1, 1, 1, 1, 1, 1, 1, 1, 1, 1, 1, 1, 1, 1,
         1, 1, 1, 1, 1, 1, 1, 1, 1, 1, 1, 1, 1, 1, 1, 1, 1, 1, 1, 1, 1, 1, 1, 1,
         1, 1, 1, 1, 1, 1, 1, 1, 1, 1, 1, 1, 1, 1, 1, 1, 1, 1, 1, 1, 1, 1, 1, 1,
         1, 1, 1, 1, 1, 1, 1, 1, 1, 1, 1, 1, 1, 1, 1, 1, 1, 1, 1, 1, 1, 1, 1, 1,
         1, 1, 1, 1, 1, 1, 1, 1, 1, 1, 1, 1, 1, 1, 1, 1, 1, 1, 1, 1, 1, 1, 1, 1,
         1, 1, 1, 1, 1, 1, 1, 1, 1, 1, 1, 1, 1, 1, 1, 1, 1, 1, 1, 1, 1, 1, 1, 1,
         1, 1, 1, 1, 1, 1, 1, 1, 1, 1, 1, 1, 1, 1, 1, 1, 1, 1, 1, 1, 1, 1, 1, 1,
         1, 1, 1, 1, 1, 1, 1, 1, 1, 1, 1, 1, 1, 1, 1, 1, 1, 1, 1, 1, 1, 1, 1, 1,
         1, 1, 1, 1, 1, 1, 1, 1, 1, 1, 1, 1, 1, 1, 1, 1, 1, 1, 1, 1, 1, 1, 1, 1,
         1, 1, 1, 1, 1, 1, 1, 1, 1, 1, 1, 1, 1, 1, 1, 1, 1, 1, 1, 1, 1, 1, 1, 1,
         1, 1, 1, 1, 1, 1, 1, 1, 1, 1, 1, 1, 1, 1, 1, 1, 1, 1, 1, 1, 1, 1, 1, 1,
         1, 1, 1, 1, 1, 1, 1, 1, 1, 1, 1, 1, 1, 1, 1, 1, 1, 1, 1, 1, 1, 1, 1, 1,
         1, 1, 1, 1, 1, 1, 1, 1, 1, 1, 1, 1, 1, 1, 1, 1, 1, 1, 1, 1, 1, 1, 1, 1,
         1, 1, 1, 1, 1, 1, 1, 1, 1, 1, 1, 1, 1, 1, 1, 1, 1, 1, 1, 1, 1, 1, 1, 1,
         1, 1, 1, 1, 1, 1, 1, 1, 1, 1, 1, 1, 1, 1, 1, 1, 1, 1, 1, 1, 1, 1, 1, 1,
         1, 1, 1, 1, 1, 1, 1, 1, 1, 1, 1, 1, 1, 1, 1, 1, 1, 1, 1, 1, 1, 1, 1, 1,
         1, 1, 1, 1, 1, 1, 1, 1, 1, 1, 1, 1, 1, 1, 1, 1, 0, 0, 0, 0, 0, 0, 0, 0,
         0, 0, 0, 0, 0, 0, 0, 0, 0, 0, 0, 0, 0, 0, 0, 0, 0, 0, 0, 0, 0, 0, 0, 0,
         0, 0, 0, 0, 0, 0, 0, 0]])",tensor(0)
/home/ntlpt19/personal_projects/data/test_data/PI/Proforma_Invoice(2013_01_10_13_51_15_4180)_493_0_text.txt,"tensor([[  101, 22108, 11268,  2953,  2863,  1999,  6767,  6610,  5364, 16012,
         16505,  2015,  3132,  2676,  1011,  1019,  1013,  1015,  1010,  2259,
         10877,  2311,  2259, 10877,  2346, 16224,  1015,  1012,  1012,  1010,
          2344,  2053,  1041,  4160,  2063,  1011,  3998, 16703, 26976, 22610,
          2549,  8013,  2053, 22649, 23499,  2581,  2575,  2581,  3058,  2382,
          1012,  2340,  1012,  2262,  8875,  6412,  1997,  5350,  1013,  2578,
          1057, 13910,  1024,  1048,  2243, 14376,  2487,  1032, 10047, 12274,
         22779,  2489,  8827,  2050,  8934,  2632,  1024,  1050, 14925,  2278,
          2078,  1024,  4540,  2683,  2683, 11712,  1013,  3131,  3131,  3976,
          1013, 13751,  2561,  3976,  1013, 13751, 14108,  1024,  4654,  8197,
          2854,  3058,  1024,  4895,  8663, 23141,  6959,  3058, 14840,  9800,
          2620, 16048, 23632,  1015,  7473, 18596,  1012,  5818, 18596,  1012,
          5818,  1057, 13910,  1024,  1048, 25509,  2290,  2487,  1032, 10047,
          2140,  1012,  3424,  1011, 15177,  3217, 23296, 16429, 18639,  1047,
          2632,  1024,  1050, 14925,  2278,  2078,  1024,  4540,  2683,  2683,
         14108,  1024,  4654,  8197,  2854,  3058,  1024,  4895,  8663, 23141,
          6959,  3058, 19527,  9800,  2620, 12521,  2575,  2620,  1015,  7473,
         13913,  1012,  4002, 13913,  1012,  4002,  1057, 13910,  1024,  1048,
         25509,  2595,  2361,  2487,  1032, 10047,  2140,  1012,  2000,  2595,
          7361,  8523,  2863, 24110,  2102,  1012,  1045,  2632,  1024,  1050,
         14925,  2278,  2078,  1024,  4540,  2683,  2683, 14108,  1024,  4654,
          8197,  2854,  3058,  1024,  4895,  8663, 23141,  6959,  3058, 20652,
          9800,  2620, 16068,  2692,  2683,  1016,  7473,  9402,  1012,  5401,
         16327,  1012,  2403,  1057, 13910,  1024,  1048,  2243,  3567,  2487,
          1032, 10047,  2140,  1012, 11748, 21572,  2594,  5648,  8934,  2632,
          1024,  1050, 14925,  2278,  2078,  1024,  4540,  2683,  2683, 14108,
          1024,  4654,  8197,  2854,  3058,  1024,  4895,  8663, 23141,  6959,
          3058, 10347,  9800,  2620, 12521,  2620,  2475,  1015,  7473, 16923,
          1012,  2459, 16923,  1012,  2459,  1057, 13910,  1024,  1048, 21638,
          2213,  2487,  1032, 10047,  2140,  1010, 14548,  8411,  1045, 21693,
          8934,  2632,  1024,  1050, 14925,  2278,  2078,  1024,  4540,  2683,
          2683, 14108,  1024,  4654,  8197,  2854,  3058,  1024,  4895,  8663,
         23141,  6959,  3058, 14883,  9800,  2620, 12521,  2683,  2475,  1015,
          7473, 16734,  1012,  6273, 16734,  1012,  6273,  1057, 13910,  1024,
          1048, 21638, 12083,  2487,  1032, 10047,  2140,  1012, 14548,  8411,
         24110,  2102,  1012,  1045, 13871,  2632,  1024,  1050, 14925,  2278,
          2078,  1024,  4540,  2683,  2683, 14108,  1024,  4654,  8197,  2854,
          3058,  1024,  4895,  8663, 23141,  6959,  3058, 16601,  9800,  2620,
         12521,  2620,  2620,  1015,  7473, 14168,  1012,  4002, 14168,  1012,
          4002,  1057, 13910,  1024,  1048, 25509,  2480,  2487, 10047, 12274,
         22779,  2000,  2595,  2080,  1012,  1045, 21693,  1006,  1057,  1011,
          6187,  2632,  1024,  1050, 14925,  2278,  2078,  1024,  4540,  2683,
          2683, 14108,  1024,  4654,  8197,  2854,  3058,  1024, 22108,  3132,
          5068,  2436,  1024,  7558,  1010,  6090, 24979,  5654, 13007,  2232,
          6673,  9388,  2290, 24185, 12190,  2140,  1010,  8955,  1011,  4278,
          5890,  2620,  1010,  2634,  3967,  4769,  1024,  4372,  2912,  2100,
          2415,  1010,  4833,  2723,  1010,  3158,  2140,  3501,  3148, 23205,
          4609,  3501,  1010, 20904,  7677,  2290,  6819,  8167,  4403,  1058,
          1012, 19739, 28921,  2239,  1011, 13092,  5890,  2575,  1010, 23261,
          1010,  2634,  3931,  1017,  1013,  3486,   102,     0,     0,     0,
             0,     0,     0,     0,     0,     0,     0,     0,     0,     0,
             0,     0]])","tensor([[1, 1, 1, 1, 1, 1, 1, 1, 1, 1, 1, 1, 1, 1, 1, 1, 1, 1, 1, 1, 1, 1, 1, 1,
         1, 1, 1, 1, 1, 1, 1, 1, 1, 1, 1, 1, 1, 1, 1, 1, 1, 1, 1, 1, 1, 1, 1, 1,
         1, 1, 1, 1, 1, 1, 1, 1, 1, 1, 1, 1, 1, 1, 1, 1, 1, 1, 1, 1, 1, 1, 1, 1,
         1, 1, 1, 1, 1, 1, 1, 1, 1, 1, 1, 1, 1, 1, 1, 1, 1, 1, 1, 1, 1, 1, 1, 1,
         1, 1, 1, 1, 1, 1, 1, 1, 1, 1, 1, 1, 1, 1, 1, 1, 1, 1, 1, 1, 1, 1, 1, 1,
         1, 1, 1, 1, 1, 1, 1, 1, 1, 1, 1, 1, 1, 1, 1, 1, 1, 1, 1, 1, 1, 1, 1, 1,
         1, 1, 1, 1, 1, 1, 1, 1, 1, 1, 1, 1, 1, 1, 1, 1, 1, 1, 1, 1, 1, 1, 1, 1,
         1, 1, 1, 1, 1, 1, 1, 1, 1, 1, 1, 1, 1, 1, 1, 1, 1, 1, 1, 1, 1, 1, 1, 1,
         1, 1, 1, 1, 1, 1, 1, 1, 1, 1, 1, 1, 1, 1, 1, 1, 1, 1, 1, 1, 1, 1, 1, 1,
         1, 1, 1, 1, 1, 1, 1, 1, 1, 1, 1, 1, 1, 1, 1, 1, 1, 1, 1, 1, 1, 1, 1, 1,
         1, 1, 1, 1, 1, 1, 1, 1, 1, 1, 1, 1, 1, 1, 1, 1, 1, 1, 1, 1, 1, 1, 1, 1,
         1, 1, 1, 1, 1, 1, 1, 1, 1, 1, 1, 1, 1, 1, 1, 1, 1, 1, 1, 1, 1, 1, 1, 1,
         1, 1, 1, 1, 1, 1, 1, 1, 1, 1, 1, 1, 1, 1, 1, 1, 1, 1, 1, 1, 1, 1, 1, 1,
         1, 1, 1, 1, 1, 1, 1, 1, 1, 1, 1, 1, 1, 1, 1, 1, 1, 1, 1, 1, 1, 1, 1, 1,
         1, 1, 1, 1, 1, 1, 1, 1, 1, 1, 1, 1, 1, 1, 1, 1, 1, 1, 1, 1, 1, 1, 1, 1,
         1, 1, 1, 1, 1, 1, 1, 1, 1, 1, 1, 1, 1, 1, 1, 1, 1, 1, 1, 1, 1, 1, 1, 1,
         1, 1, 1, 1, 1, 1, 1, 1, 1, 1, 1, 1, 1, 1, 1, 1, 1, 1, 1, 1, 1, 1, 1, 1,
         1, 1, 1, 1, 1, 1, 1, 1, 1, 1, 1, 1, 1, 1, 1, 1, 1, 1, 1, 1, 1, 1, 1, 1,
         1, 1, 1, 1, 1, 1, 1, 1, 1, 1, 1, 1, 1, 1, 1, 1, 1, 1, 1, 1, 1, 1, 1, 1,
         1, 1, 1, 1, 1, 1, 1, 1, 1, 1, 1, 1, 1, 1, 1, 1, 1, 1, 1, 1, 1, 1, 1, 1,
         1, 1, 1, 1, 1, 1, 1, 1, 1, 1, 1, 1, 1, 1, 1, 1, 1, 0, 0, 0, 0, 0, 0, 0,
         0, 0, 0, 0, 0, 0, 0, 0]])",tensor(0)
/home/ntlpt19/personal_projects/data/test_data/PI/Proforma_Invoice(2013_01_10_13_52_06_4463)_496_0_text.txt,"tensor([[  101, 22108, 11268,  2953,  2863,  1999,  6767,  6610,  5364, 16012,
         16505,  2015,  3132,  2676,  1011,  1019,  1013,  1015,  1010,  2259,
         10877,  2311,  2259, 10877,  2346, 16224,  1015,  1010,  1012,  1010,
          2344,  2053,  1041,  4160,  2063,  1011,  3998, 16703, 26976, 22610,
          2549,  8013,  2053, 22649, 23499,  2581,  2575,  2581,  3058,  2382,
          1012,  2340,  1012,  2262,  8875,  6412,  1997,  5350,  1013,  2578,
         11712,  1013,  3131,  3976,  1013,  3131, 13751,  2561,  3976,  1013,
         13751,  4895,  8663, 23141,  6959,  3058, 23712,  2692,  9800,  2620,
         19841, 11387, 16351,  1015,  7473,  2539,  1012,  4002,  2539,  1012,
          4002,  1057, 13910,  1024, 17627,  2480,  1032, 10047, 12274, 22779,
         28144,  5243,  1011,  2061,  2549,  7099,  2632,  1024,  1050, 14925,
          2278,  2078,  1024,  4540,  2683,  2683, 14108,  1024,  5890,  2549,
          4654,  8197,  2854,  3058,  1024,  2382,  1012,  5840,  1012,  2297,
         19502,  3642,  1024,  3938, 22907, 21057, 12376,  4895,  8663, 23141,
          6959,  3058, 25186,  2692,  9800,  2620, 19841, 19317,  1015,  7473,
          2410,  1012,  5757,  2410,  1012,  5757,  1057, 13910,  1024,  3393,
          2361,  2480,  1032, 10047, 12274, 22779,  4958,  2080,  7099, 29454,
          2226,  2632,  1024,  1050, 14925,  2278,  2078,  1024,  4540,  2683,
          2683, 14108,  1024,  4654,  8197,  2854,  3058,  1024,  4895,  8663,
         23141,  6959,  3058, 25961,  9800,  2620, 19841, 17465,  1015,  7473,
          4464,  1012,  4002,  4464,  1012,  4002,  1057, 13910,  1024,  3393,
          2475,  2480,  1032, 10047, 12274, 22779,  9765, 12173, 20282,  3520,
         24759,  2632,  1024,  1050, 14925,  2278,  2078,  1024,  4540,  2683,
          2683, 14108,  1024,  4654,  8197,  2854,  3058,  1024,  4895,  8663,
         23141,  6959,  3058, 19827,  2692,  9800,  2620, 19841, 17788,  1016,
          7473,  2410,  1012,  5786,  2676,  1012,  2484,  1057, 13910,  1024,
          1048,  7959,  2480, 26114, 15859,  2618, 10768, 18752,  7629,  7099,
          2632,  1024,  1050, 14925,  2278,  2078,  1024,  4540,  2683,  2683,
         14108,  1024,  4654,  8197,  2854,  3058,  1024,  4895,  8663, 23141,
          6959,  3058, 23612,  2692,  9402,  2620, 14142, 22022, 16351,  1016,
          7473,  2410,  1012,  5824,  2676,  1012,  4008,  1057, 13910,  1024,
          1048,  5856,  2480,  1032, 10047, 12274, 22779, 21025,  1011,  5003,
          7099,  4487,  2632,  1024,  1050, 14925,  2278,  2078,  1024,  4540,
          2683,  2683, 14108,  1024,  4002, 11387,  4654,  8197,  2854,  3058,
          1024,  2382,  1012,  5840,  1012,  2297, 19502,  3642,  1024,  3938,
         22907, 21057, 12376,  4895,  8663, 23141,  6959,  3058, 23609,  2692,
          9800,  2620, 19841, 14142,  1045, 16351,  1016,  7473,  2410,  1012,
          5757,  2656,  1012,  2260,  1042,  1057, 13910,  1024,  1048,  5603,
          2480,  1032, 10047, 12274, 22779,  1044,  5603,  7099, 29454,  2226,
          2632,  1024,  1050, 14925,  2278,  2078,  1024,  4540,  2683,  2683,
         14108,  1024,  4002, 17465,  4654,  8197,  2854,  3058,  1024,  2382,
          1012,  5840,  1012,  2297, 19502,  3642,  1024,  3938, 22907, 21057,
         12376, 22108,  3132,  5068,  2436,  1024,  7558,  1010,  6090, 24979,
          5654, 13007,  2232,  6673,  9388,  2290, 24185, 12190,  2072,  1010,
          8955,  1011,  4278,  5890,  2620,  1010,  2634,  3967,  4769,  1024,
          4372,  2912,  2100,  2415,  1010,  4833,  2723,  1010,  3158, 28418,
          3148, 23205,  4609,  3501,  1010, 20904,  7677,  2290,  6819,  8167,
          4403,  1058, 19739, 28921,  2239,  1011, 13092, 24096,  2575,  1010,
         23261,  1010,  2634,  3931,  2184,  1013,  3486,  1015,   102,     0,
             0,     0,     0,     0,     0,     0,     0,     0,     0,     0,
             0,     0,     0,     0,     0,     0,     0,     0,     0,     0,
             0,     0]])","tensor([[1, 1, 1, 1, 1, 1, 1, 1, 1, 1, 1, 1, 1, 1, 1, 1, 1, 1, 1, 1, 1, 1, 1, 1,
         1, 1, 1, 1, 1, 1, 1, 1, 1, 1, 1, 1, 1, 1, 1, 1, 1, 1, 1, 1, 1, 1, 1, 1,
         1, 1, 1, 1, 1, 1, 1, 1, 1, 1, 1, 1, 1, 1, 1, 1, 1, 1, 1, 1, 1, 1, 1, 1,
         1, 1, 1, 1, 1, 1, 1, 1, 1, 1, 1, 1, 1, 1, 1, 1, 1, 1, 1, 1, 1, 1, 1, 1,
         1, 1, 1, 1, 1, 1, 1, 1, 1, 1, 1, 1, 1, 1, 1, 1, 1, 1, 1, 1, 1, 1, 1, 1,
         1, 1, 1, 1, 1, 1, 1, 1, 1, 1, 1, 1, 1, 1, 1, 1, 1, 1, 1, 1, 1, 1, 1, 1,
         1, 1, 1, 1, 1, 1, 1, 1, 1, 1, 1, 1, 1, 1, 1, 1, 1, 1, 1, 1, 1, 1, 1, 1,
         1, 1, 1, 1, 1, 1, 1, 1, 1, 1, 1, 1, 1, 1, 1, 1, 1, 1, 1, 1, 1, 1, 1, 1,
         1, 1, 1, 1, 1, 1, 1, 1, 1, 1, 1, 1, 1, 1, 1, 1, 1, 1, 1, 1, 1, 1, 1, 1,
         1, 1, 1, 1, 1, 1, 1, 1, 1, 1, 1, 1, 1, 1, 1, 1, 1, 1, 1, 1, 1, 1, 1, 1,
         1, 1, 1, 1, 1, 1, 1, 1, 1, 1, 1, 1, 1, 1, 1, 1, 1, 1, 1, 1, 1, 1, 1, 1,
         1, 1, 1, 1, 1, 1, 1, 1, 1, 1, 1, 1, 1, 1, 1, 1, 1, 1, 1, 1, 1, 1, 1, 1,
         1, 1, 1, 1, 1, 1, 1, 1, 1, 1, 1, 1, 1, 1, 1, 1, 1, 1, 1, 1, 1, 1, 1, 1,
         1, 1, 1, 1, 1, 1, 1, 1, 1, 1, 1, 1, 1, 1, 1, 1, 1, 1, 1, 1, 1, 1, 1, 1,
         1, 1, 1, 1, 1, 1, 1, 1, 1, 1, 1, 1, 1, 1, 1, 1, 1, 1, 1, 1, 1, 1, 1, 1,
         1, 1, 1, 1, 1, 1, 1, 1, 1, 1, 1, 1, 1, 1, 1, 1, 1, 1, 1, 1, 1, 1, 1, 1,
         1, 1, 1, 1, 1, 1, 1, 1, 1, 1, 1, 1, 1, 1, 1, 1, 1, 1, 1, 1, 1, 1, 1, 1,
         1, 1, 1, 1, 1, 1, 1, 1, 1, 1, 1, 1, 1, 1, 1, 1, 1, 1, 1, 1, 1, 1, 1, 1,
         1, 1, 1, 1, 1, 1, 1, 1, 1, 1, 1, 1, 1, 1, 1, 1, 1, 1, 1, 1, 1, 1, 1, 1,
         1, 1, 1, 1, 1, 1, 1, 1, 1, 1, 1, 1, 1, 1, 1, 1, 1, 1, 1, 1, 1, 1, 1, 1,
         1, 1, 1, 1, 1, 1, 1, 1, 1, 0, 0, 0, 0, 0, 0, 0, 0, 0, 0, 0, 0, 0, 0, 0,
         0, 0, 0, 0, 0, 0, 0, 0]])",tensor(0)
/home/ntlpt19/personal_projects/data/test_data/PI/Proforma_Invoice(2013_01_10_13_52_13_8713)_497_0_text.txt,"tensor([[  101, 22108, 11268,  2953,  2863,  1999,  6767,  6610,  5364, 16012,
         16505,  2015,  3132,  2676,  1011,  1019,  1013,  1015,  1010,  2259,
         10877,  2311,  2259, 10877,  2346, 16224,  1015,  1010,  1012,  1010,
          2344,  2053,  1041,  4160,  2063,  1011,  3998, 16703, 26976, 22610,
          2549,  8013,  2053, 22649, 23499,  2581,  2575,  2581,  3058,  2382,
          1012,  2340,  1012,  2262,  8875,  6412,  1997,  5350,  1013,  2578,
          4895,  8663, 23141,  6959,  3058, 19714,  2692,  9800,  2620, 19841,
         22022,  1057, 13910,  1024, 11409,  2480,  1032, 10047, 12274, 22779,
         22597,  7099,  2632,  1024,  1050, 14925,  2278,  2078,  1024,  4540,
          2683,  2683, 11712,  1013,  3131,  1015,  3131,  3976,  1013,  2561,
          3976,  1013,  1045, 13751, 13751,  1015,  1015,  7473,  2410,  1012,
          4293,  2410,  1012,  4293, 14108,  1024,  4654,  8197,  2854,  3058,
          1024,  4895,  8663, 23141,  6959,  3058, 15678,  2692,  9800,  2620,
         19841, 21619,  1016,  7473,  2184,  1012,  2656,  2322,  1012,  4720,
          1057, 13910,  1024,  8840,  2213,  2480,  1032, 10047, 12274, 22779,
         18168,  1011,  5003,  7099,  4487,  2632,  1024,  1050, 14925,  2278,
          2078,  1024,  4540,  2683,  2683, 14108,  1024,  4654,  8197,  2854,
          3058,  1024,  4895,  8663, 23141,  6959,  3058,   999, 20982,  2692,
          9800, 20842,  2683,  2683,  2487,  1015,  7473,  2539,  1012,  4002,
          2539,  1012,  4002,  1057, 13910,  1024,  6948,  2290,  2480,  1032,
         10047, 12274, 22779,  4013,  2290,  1012,  7099,  4487,  2632,  1024,
          1050, 14925,  2278,  2078,  1024,  4540,  2683,  2683, 14108,  1024,
          4654,  8197,  2854,  3058,  1024,  4895,  8663, 23141,  6959,  3058,
         25535,  2692,  9800, 20842,  2683,  2683,  2549,  1016,  7473,  2410,
          1012,  5824,  2676,  1012,  4008,  1057, 13910,  1024,  6948, 17112,
          1032, 10047, 12274, 22779,  8827,  2050,  7099, 29454,  2226,  2632,
          1024,  1050, 14925,  2278,  2078,  1024,  4540,  2683,  2683, 14108,
          1024,  4654,  8197,  2854,  3058,  1024,  4895,  8663, 23141,  6959,
          3058,  1015, 23944,  2692,  9800, 20842,  2683,  2683,  2629,  2149,
          1016,  7473,  2340,  1012,  4002,  2570,  1012,  4002,  1057, 13910,
          1024,  8318, 10993,  1032, 19875,  1012, 19817,  7361, 10698,  2078,
          1045,  7099,  1040,  2632,  1024,  1050, 14925,  2278,  2078,  1024,
          4540,  2683,  2683, 14108,  1024,  6185,  2487,  4654,  8197,  2854,
          3058,  1024,  2861,  1012,  5709,  1012,  2325, 19502,  3642,  1024,
          3938, 22907, 21057, 12376,  4895,  8663, 23141,  6959,  3058, 28066,
          2692,  9800, 27531, 11387,  2575,  2603,  7473,  4008,  1012,  4002,
          1015,  1010,  5890,  2475,  1012,  4002,  1057, 13910,  1024,  1048,
          2099, 18413,  1032, 10047,  2140,  6718,  5533,  4668,  2632,  1024,
          1050, 14925,  2278,  2078,  1024,  4540,  2683,  2683, 14108,  1024,
          4654,  8197,  2854,  3058,  1024,  4895,  8663, 23141,  6959,  3058,
          6352,  2692,  9645, 22932,  2683, 23499,  1057, 13910,  1024,  1040,
          2546, 17134,  2475,  2149,  1020,  7473,  3590,  1012,  2410, 17613,
          1012,  6275,  1032, 22157, 23951,  1006,  1054,  1007,  2128,  4270,
          3372, 22108,  3132,  5068,  2436,  1024,  7558,  1010,  6090, 24979,
          5654, 13007,  2232,  6673,  9388,  2290, 24185, 12190,  2140,  1010,
          8955,  1011,  4278,  1012,  5890,  2620,  1010,  2634,  3967,  4769,
          1024,  4372,  2912,  2100,  2415,  1010,  4833,  2723,  1010,  3158,
         28418,  3148, 23205,  4609,  3501,  1010, 20904,  7677,  2290,  6819,
          8167,  4403,  1058,  1012, 19739, 28921,  2239, 13092,  5890,  2575,
          1010, 23261,  1010,  2634,  3931,  2340,  1013,  3486,   102,     0,
             0,     0,     0,     0,     0,     0,     0,     0,     0,     0,
             0,     0]])","tensor([[1, 1, 1, 1, 1, 1, 1, 1, 1, 1, 1, 1, 1, 1, 1, 1, 1, 1, 1, 1, 1, 1, 1, 1,
         1, 1, 1, 1, 1, 1, 1, 1, 1, 1, 1, 1, 1, 1, 1, 1, 1, 1, 1, 1, 1, 1, 1, 1,
         1, 1, 1, 1, 1, 1, 1, 1, 1, 1, 1, 1, 1, 1, 1, 1, 1, 1, 1, 1, 1, 1, 1, 1,
         1, 1, 1, 1, 1, 1, 1, 1, 1, 1, 1, 1, 1, 1, 1, 1, 1, 1, 1, 1, 1, 1, 1, 1,
         1, 1, 1, 1, 1, 1, 1, 1, 1, 1, 1, 1, 1, 1, 1, 1, 1, 1, 1, 1, 1, 1, 1, 1,
         1, 1, 1, 1, 1, 1, 1, 1, 1, 1, 1, 1, 1, 1, 1, 1, 1, 1, 1, 1, 1, 1, 1, 1,
         1, 1, 1, 1, 1, 1, 1, 1, 1, 1, 1, 1, 1, 1, 1, 1, 1, 1, 1, 1, 1, 1, 1, 1,
         1, 1, 1, 1, 1, 1, 1, 1, 1, 1, 1, 1, 1, 1, 1, 1, 1, 1, 1, 1, 1, 1, 1, 1,
         1, 1, 1, 1, 1, 1, 1, 1, 1, 1, 1, 1, 1, 1, 1, 1, 1, 1, 1, 1, 1, 1, 1, 1,
         1, 1, 1, 1, 1, 1, 1, 1, 1, 1, 1, 1, 1, 1, 1, 1, 1, 1, 1, 1, 1, 1, 1, 1,
         1, 1, 1, 1, 1, 1, 1, 1, 1, 1, 1, 1, 1, 1, 1, 1, 1, 1, 1, 1, 1, 1, 1, 1,
         1, 1, 1, 1, 1, 1, 1, 1, 1, 1, 1, 1, 1, 1, 1, 1, 1, 1, 1, 1, 1, 1, 1, 1,
         1, 1, 1, 1, 1, 1, 1, 1, 1, 1, 1, 1, 1, 1, 1, 1, 1, 1, 1, 1, 1, 1, 1, 1,
         1, 1, 1, 1, 1, 1, 1, 1, 1, 1, 1, 1, 1, 1, 1, 1, 1, 1, 1, 1, 1, 1, 1, 1,
         1, 1, 1, 1, 1, 1, 1, 1, 1, 1, 1, 1, 1, 1, 1, 1, 1, 1, 1, 1, 1, 1, 1, 1,
         1, 1, 1, 1, 1, 1, 1, 1, 1, 1, 1, 1, 1, 1, 1, 1, 1, 1, 1, 1, 1, 1, 1, 1,
         1, 1, 1, 1, 1, 1, 1, 1, 1, 1, 1, 1, 1, 1, 1, 1, 1, 1, 1, 1, 1, 1, 1, 1,
         1, 1, 1, 1, 1, 1, 1, 1, 1, 1, 1, 1, 1, 1, 1, 1, 1, 1, 1, 1, 1, 1, 1, 1,
         1, 1, 1, 1, 1, 1, 1, 1, 1, 1, 1, 1, 1, 1, 1, 1, 1, 1, 1, 1, 1, 1, 1, 1,
         1, 1, 1, 1, 1, 1, 1, 1, 1, 1, 1, 1, 1, 1, 1, 1, 1, 1, 1, 1, 1, 1, 1, 1,
         1, 1, 1, 1, 1, 1, 1, 1, 1, 1, 1, 1, 1, 1, 1, 1, 1, 1, 1, 0, 0, 0, 0, 0,
         0, 0, 0, 0, 0, 0, 0, 0]])",tensor(0)
/home/ntlpt19/personal_projects/data/test_data/PI/Proforma_Invoice(2013_01_10_13_51_25_9844)_494_0_text.txt,"tensor([[  101, 22108, 11268,  2953,  2863,  1999,  6767,  6610,  5364, 16012,
         16505,  2015,  3132,  2676,  1011,  1019,  1013,  1015,  1010,  2259,
         10877,  2311,  2259, 10877,  2346, 16224,  1015,  1010,  1012,  1010,
          2344,  2053,  1041,  4160,  2063,  1011,  3998, 16703, 26976, 22610,
          2549,  8013,  2053, 22649, 23499,  2581,  2575,  2581,  8875,  6412,
          1997,  5350,  1013,  2578,  4895,  8663, 23141,  6959,  3058,  9807,
          9800,  2620, 17134,  2683,  2683,  1057, 13910,  1024,  1048,  2243,
          9397,  2487,  1032, 10047,  2140,  1012, 13866,  2232,  1006,  1049,
          1013,  1052,  1007,  8934,  2632,  1024,  1050, 14925,  2278,  2078,
          1024,  4540,  2683,  2683, 11712,  1013,  3131,  3058,  2382,  1012,
          2340,  1012,  2262,  1015,  3131,  3976,  1013,  2561,  3976,   999,
         13751, 13751,  1015,  1017,  7473,  7558,  1012,  4002, 20024,  1012,
          4002, 14108,  1024,  4654,  8197,  2854,  3058,  1024,  4895,  8663,
         23141,  6959,  3058,  5141,  9800,  2620, 16048, 15136,  1017,  7473,
         18596,  1012,  5818,  5139,  2629,  1012,  6365,  1057, 13910,  1024,
          1048, 25509,  2080,  2487,  1032, 10047, 12274, 22779,  3424,  1011,
          1056,  6873,  8934,  2632,  1024,  1050, 14925,  2278,  2078,  1024,
          4540,  2683,  2683, 14108,  1024,  4654,  8197,  2854,  3058,  1024,
          4895,  8663, 23141,  6959,  3058,  2456,  9800,  2620, 16932, 24594,
          1019,  7473, 10114,  1012,  4002, 23523,  1012,  4002,  1057, 13910,
          1024,  1048,  4939,  2487, 10047, 12274, 22779, 22597,  8934,  2632,
          1024,  1050, 14925,  2278,  2078,  1024,  4540,  2683,  2683, 14108,
          1024,  4654,  8197,  2854,  3058,  1024,  4895,  8663, 23141,  6959,
          3058, 12875,  2692,  9800,  2620, 12521,  2581,  2549,  1016,  7473,
          9645,  1012,  4002, 18512,  1012,  4002,  1057, 13910,  1024,  1048,
         10023,  2015,  2487,  1032, 19875,  1012,  2014, 10374,  1045, 13871,
          8934,  2632,  1024,  1050, 14925,  2278,  2078,  1024,  4540,  2683,
          2683, 14108,  1024,  4654,  8197,  2854,  3058,  1024,  4895,  8663,
         23141,  6959,  3058, 10545,  2692,  9800,  2620, 17134,  2620,  2620,
          1017,  7473,  5764,  1012,  4002, 20003,  1012,  4002,  1057, 13910,
          1024,  1048,  2243,  3597,  2487, 26114, 15859,  2618,  2522, 28228,
         19454,  8934,  2632,  1024,  1050, 14925,  2278,  2078,  1024,  4540,
          2683,  2683, 14108,  1024,  4654,  8197,  2854,  3058,  1024,  4895,
          8663, 23141,  6959,  3058, 11816,  2692,  9800, 17914, 20842,  2581,
          1015,  7473,  6365,  1012,  2385,  6365,  1012,  2385,  1057, 13910,
          1024,  1048, 11602,  2487,  1032, 10047, 12274, 22779,  2561,  1045,
          3351,  8934,  2632,  1024,  1050, 14925,  2278,  2078,  1024,  4540,
          2683,  2683, 14108,  1024,  4654,  8197,  2854,  3058,  1024,  4895,
          8663, 23141,  6959,  3058, 11212,  2692,  9800,  2620, 14526, 16703,
          1018,  7473,  6365,  1012,  2385,  4261,  2575,  1012,  4185,  1057,
         13910,  1024,  1048,  3489, 17465, 26114, 15859,  2618,  9765, 12173,
         20282,  8934,  1012,  2632,  1024,  1050, 14925,  2278,  2078,  1024,
          4540,  2683,  2683, 22108,  3132,  5068,  2436,  1024,  7558,  1010,
          6090, 24979,  5654, 13007,  2232,  6673,  9388,  2290, 24185, 12190,
          2072,  1010,  8955,  1011,  4278,  5890,  2620,  1010,  2634,  3967,
          4769,  1024,  4372,  2912,  2100,  2415,  1010,  4833,  2723,  1010,
          3158, 28418,  3148, 23205,  4609,  3501,  1010, 20904,  7677,  2290,
          6819,  8167,  4403,  1058, 19739, 28921,  2239,  1011, 13092, 24096,
          2575,  1010, 23261,  1010,  2634,  3931,  1018,  1013,  3486,  1045,
           999,  1024,   102,     0,     0,     0,     0,     0,     0,     0,
             0,     0,     0,     0,     0,     0,     0,     0,     0,     0,
             0,     0]])","tensor([[1, 1, 1, 1, 1, 1, 1, 1, 1, 1, 1, 1, 1, 1, 1, 1, 1, 1, 1, 1, 1, 1, 1, 1,
         1, 1, 1, 1, 1, 1, 1, 1, 1, 1, 1, 1, 1, 1, 1, 1, 1, 1, 1, 1, 1, 1, 1, 1,
         1, 1, 1, 1, 1, 1, 1, 1, 1, 1, 1, 1, 1, 1, 1, 1, 1, 1, 1, 1, 1, 1, 1, 1,
         1, 1, 1, 1, 1, 1, 1, 1, 1, 1, 1, 1, 1, 1, 1, 1, 1, 1, 1, 1, 1, 1, 1, 1,
         1, 1, 1, 1, 1, 1, 1, 1, 1, 1, 1, 1, 1, 1, 1, 1, 1, 1, 1, 1, 1, 1, 1, 1,
         1, 1, 1, 1, 1, 1, 1, 1, 1, 1, 1, 1, 1, 1, 1, 1, 1, 1, 1, 1, 1, 1, 1, 1,
         1, 1, 1, 1, 1, 1, 1, 1, 1, 1, 1, 1, 1, 1, 1, 1, 1, 1, 1, 1, 1, 1, 1, 1,
         1, 1, 1, 1, 1, 1, 1, 1, 1, 1, 1, 1, 1, 1, 1, 1, 1, 1, 1, 1, 1, 1, 1, 1,
         1, 1, 1, 1, 1, 1, 1, 1, 1, 1, 1, 1, 1, 1, 1, 1, 1, 1, 1, 1, 1, 1, 1, 1,
         1, 1, 1, 1, 1, 1, 1, 1, 1, 1, 1, 1, 1, 1, 1, 1, 1, 1, 1, 1, 1, 1, 1, 1,
         1, 1, 1, 1, 1, 1, 1, 1, 1, 1, 1, 1, 1, 1, 1, 1, 1, 1, 1, 1, 1, 1, 1, 1,
         1, 1, 1, 1, 1, 1, 1, 1, 1, 1, 1, 1, 1, 1, 1, 1, 1, 1, 1, 1, 1, 1, 1, 1,
         1, 1, 1, 1, 1, 1, 1, 1, 1, 1, 1, 1, 1, 1, 1, 1, 1, 1, 1, 1, 1, 1, 1, 1,
         1, 1, 1, 1, 1, 1, 1, 1, 1, 1, 1, 1, 1, 1, 1, 1, 1, 1, 1, 1, 1, 1, 1, 1,
         1, 1, 1, 1, 1, 1, 1, 1, 1, 1, 1, 1, 1, 1, 1, 1, 1, 1, 1, 1, 1, 1, 1, 1,
         1, 1, 1, 1, 1, 1, 1, 1, 1, 1, 1, 1, 1, 1, 1, 1, 1, 1, 1, 1, 1, 1, 1, 1,
         1, 1, 1, 1, 1, 1, 1, 1, 1, 1, 1, 1, 1, 1, 1, 1, 1, 1, 1, 1, 1, 1, 1, 1,
         1, 1, 1, 1, 1, 1, 1, 1, 1, 1, 1, 1, 1, 1, 1, 1, 1, 1, 1, 1, 1, 1, 1, 1,
         1, 1, 1, 1, 1, 1, 1, 1, 1, 1, 1, 1, 1, 1, 1, 1, 1, 1, 1, 1, 1, 1, 1, 1,
         1, 1, 1, 1, 1, 1, 1, 1, 1, 1, 1, 1, 1, 1, 1, 1, 1, 1, 1, 1, 1, 1, 1, 1,
         1, 1, 1, 1, 1, 1, 1, 1, 1, 1, 1, 1, 1, 0, 0, 0, 0, 0, 0, 0, 0, 0, 0, 0,
         0, 0, 0, 0, 0, 0, 0, 0]])",tensor(0)
/home/ntlpt19/personal_projects/data/test_data/PI/Proforma_Invoice(2013_01_10_13_52_23_1384)_513_0_text.txt,"tensor([[  101, 22108, 11268,  2953,  2863,  1999,  6767,  6610,  5364, 16012,
         16505,  2015,  3132,  2676,  1011,  1019,  1013,  1015,  1010,  2259,
         10877,  2311,  2259, 10877,  2346, 16224,  1015,  1010,  1012,  1010,
          2344,  2053,  1041,  4160,  2063,  1011,  3998, 16703, 26976, 22610,
          2549,  8013,  2053, 22649, 23499,  2581,  2575,  2581,  3058,  2382,
          1012,  2340,  1012,  2262,  8875,  6412,  1997,  5350,  1013,  2578,
         11712,  1013,  3131,  3131,  3976,  1013,  2561,  3976,  1013, 13751,
         13751,  2632,  1024,  1050, 14925,  2278,  2078,  1024,  4540,  2683,
          2683, 14108,  1024,  4654,  8197,  2854,  3058,  1024, 19502,  3642,
          1024,  4229, 19317,  8889,  8889,  4895,  8663, 23141,  6959,  3058,
         27671,  2692,  9645, 22932,  2683,  2620,  2487,  2149,  1017,  7473,
          6163,  1012,  4002, 16345,  1012,  4002,  1057, 13910,  1024,  1040,
          2546, 10790,  2475,  1032, 11737,  1039,  2549, 23951,  2128,  4270,
          3372,  6036,  2632,  1024,  1050, 14925,  2278,  2078,  1024,  4540,
          2683,  2683, 14108,  1024,  4654,  8197,  2854,  3058,  1024, 19502,
          3642,  1024,  4229, 19317,  8889,  8889,  4895,  8663, 23141,  6959,
          3058, 22857,  2692,  9645, 22932,  2683, 27009,  2149,  1020,  7473,
          2484,  1012,  5401, 16471,  1012,  4413,  1057, 13910,  1024,  1040,
          2546, 16147,  1032,  2572,  2239,  1013, 25874,  6036,  2632,  1024,
          1050, 14925,  2278,  2078,  1024,  4540,  2683,  2683, 14108,  1024,
          4654,  8197,  2854,  3058,  1024, 19502,  3642,  1024,  4229, 19317,
          8889,  8889,  4895,  8663, 23141,  6959,  3058, 28004,  2692,  9645,
         22932,  2683, 17914,  2149,  1017,  7473,  8732,  1012,  4002, 18034,
          1012,  4002,  1057, 13910,  1024,  1040,  2546, 10790,  2487,  1032,
         11737,  1039,  2509, 23951,  2128,  4270,  3372,  6036,  2632,  1024,
          1050, 14925,  2278,  2078,  1024,  4540,  2683,  2683, 14108,  1024,
          4654,  8197,  2854,  3058,  1024, 19502,  3642,  1024,  4229, 19317,
          8889,  8889,  4895,  8663, 23141,  6959,  3058, 25833,  2692,  9645,
         22932,  2683, 19961,  2149,  2459,  7473,  2324,  1012,  5179, 22904,
          1012,  4720,  1057, 13910,  1024,  1040,  2546, 27531,  1032,  1040,
          2213,  3707,  8001,  3707, 11212,  2632,  1024,  1050, 14925,  2278,
          2078,  1024,  4540,  2683,  2683, 14108,  1024,  4654,  8197,  2854,
          3058,  1024, 19502,  3642,  1024,  4229, 19317,  8889,  8889,  4895,
          8663, 23141,  6959,  3058,  9683,  2692,  9645, 22932,  2683, 26187,
          2149,  2184,  7473,  4749,  1012,  4002, 22288,  1012,  4002,  1057,
         13910,  1024,  1040,  2546, 16576,  2050,  1032,  7065, 11737,  6864,
         25002, 23951, 11212,  2632,  1024,  1050, 14925,  2278,  2078,  1024,
          4540,  2683,  2683, 14108,  1024,  4654,  8197,  2854,  3058,  1024,
         19502,  3642,  1024,  4229, 19317,  8889,  8889,  4895,  8663, 23141,
          6959,  3058, 22108,  3132,  5068,  2436,  1024,  7558,  1010,  6090,
         24979,  5654, 13007,  2232,  6673,  9388,  2290, 24185, 12190,  2072,
          1010,  8955,  1011,  4278,  5890,  2620,  1010,  2634,  3967,  4769,
          1024,  4372,  2912,  2100,  2415,  1010,  4833,  2723,  1010,  3158,
         28418,  3148, 23205,  4609,  3501,  1010, 20904,  7677,  2290,  6819,
          8167,  4403,  1058, 19739, 28921,  2239,  1011, 13092, 24096,  2575,
          1010, 23261,  1010,  2634,  3931,  2260,  1013,  3486,  1045,  1000,
           102,     0,     0,     0,     0,     0,     0,     0,     0,     0,
             0,     0,     0,     0,     0,     0,     0,     0,     0,     0,
             0,     0,     0,     0,     0,     0,     0,     0,     0,     0,
             0,     0,     0,     0,     0,     0,     0,     0,     0,     0,
             0,     0,     0,     0,     0,     0,     0,     0,     0,     0,
             0,     0]])","tensor([[1, 1, 1, 1, 1, 1, 1, 1, 1, 1, 1, 1, 1, 1, 1, 1, 1, 1, 1, 1, 1, 1, 1, 1,
         1, 1, 1, 1, 1, 1, 1, 1, 1, 1, 1, 1, 1, 1, 1, 1, 1, 1, 1, 1, 1, 1, 1, 1,
         1, 1, 1, 1, 1, 1, 1, 1, 1, 1, 1, 1, 1, 1, 1, 1, 1, 1, 1, 1, 1, 1, 1, 1,
         1, 1, 1, 1, 1, 1, 1, 1, 1, 1, 1, 1, 1, 1, 1, 1, 1, 1, 1, 1, 1, 1, 1, 1,
         1, 1, 1, 1, 1, 1, 1, 1, 1, 1, 1, 1, 1, 1, 1, 1, 1, 1, 1, 1, 1, 1, 1, 1,
         1, 1, 1, 1, 1, 1, 1, 1, 1, 1, 1, 1, 1, 1, 1, 1, 1, 1, 1, 1, 1, 1, 1, 1,
         1, 1, 1, 1, 1, 1, 1, 1, 1, 1, 1, 1, 1, 1, 1, 1, 1, 1, 1, 1, 1, 1, 1, 1,
         1, 1, 1, 1, 1, 1, 1, 1, 1, 1, 1, 1, 1, 1, 1, 1, 1, 1, 1, 1, 1, 1, 1, 1,
         1, 1, 1, 1, 1, 1, 1, 1, 1, 1, 1, 1, 1, 1, 1, 1, 1, 1, 1, 1, 1, 1, 1, 1,
         1, 1, 1, 1, 1, 1, 1, 1, 1, 1, 1, 1, 1, 1, 1, 1, 1, 1, 1, 1, 1, 1, 1, 1,
         1, 1, 1, 1, 1, 1, 1, 1, 1, 1, 1, 1, 1, 1, 1, 1, 1, 1, 1, 1, 1, 1, 1, 1,
         1, 1, 1, 1, 1, 1, 1, 1, 1, 1, 1, 1, 1, 1, 1, 1, 1, 1, 1, 1, 1, 1, 1, 1,
         1, 1, 1, 1, 1, 1, 1, 1, 1, 1, 1, 1, 1, 1, 1, 1, 1, 1, 1, 1, 1, 1, 1, 1,
         1, 1, 1, 1, 1, 1, 1, 1, 1, 1, 1, 1, 1, 1, 1, 1, 1, 1, 1, 1, 1, 1, 1, 1,
         1, 1, 1, 1, 1, 1, 1, 1, 1, 1, 1, 1, 1, 1, 1, 1, 1, 1, 1, 1, 1, 1, 1, 1,
         1, 1, 1, 1, 1, 1, 1, 1, 1, 1, 1, 1, 1, 1, 1, 1, 1, 1, 1, 1, 1, 1, 1, 1,
         1, 1, 1, 1, 1, 1, 1, 1, 1, 1, 1, 1, 1, 1, 1, 1, 1, 1, 1, 1, 1, 1, 1, 1,
         1, 1, 1, 1, 1, 1, 1, 1, 1, 1, 1, 1, 1, 1, 1, 1, 1, 1, 1, 1, 1, 1, 1, 1,
         1, 1, 1, 1, 1, 1, 1, 1, 1, 1, 1, 1, 1, 1, 1, 1, 1, 1, 1, 1, 1, 1, 1, 1,
         1, 1, 1, 1, 1, 0, 0, 0, 0, 0, 0, 0, 0, 0, 0, 0, 0, 0, 0, 0, 0, 0, 0, 0,
         0, 0, 0, 0, 0, 0, 0, 0, 0, 0, 0, 0, 0, 0, 0, 0, 0, 0, 0, 0, 0, 0, 0, 0,
         0, 0, 0, 0, 0, 0, 0, 0]])",tensor(0)
